,User,Hashtags,Like,Retweet,Follow,Tag,Link,Time
0,PennimanJulia,,0,0,0,0,https://twitter.com/twitter/statuses/1525924596842897408,2022-05-15 19:42:28+00:00
1,bottledlegends,#NFTGiveaways,0,0,0,0,https://twitter.com/twitter/statuses/1525924554064928769,2022-05-15 19:42:18+00:00
2,daniellegfny,#SoundCloud,0,0,0,0,https://twitter.com/twitter/statuses/1525924547140235264,2022-05-15 19:42:17+00:00
3,BigBangAirdrops,#BigBangAirdrops,0,0,0,0,https://twitter.com/twitter/statuses/1525924513652920323,2022-05-15 19:42:09+00:00
4,YoussefAlli3,"#NFTs,#NFTGiveaways,#NFTProject,#NFT,#nftart,#NFTCommuntiy,#PublicMint,#FreeMint,#FreeNFT",0,0,0,0,https://twitter.com/twitter/statuses/1525924490336681986,2022-05-15 19:42:03+00:00
5,YoussefAlli3,"#NFT,#NFTGiveaways,#NFTcollections,#NFTProject",0,0,0,0,https://twitter.com/twitter/statuses/1525924369687580673,2022-05-15 19:41:34+00:00
6,cryptonfti,,0,0,0,0,https://twitter.com/twitter/statuses/1525924354088894474,2022-05-15 19:41:30+00:00
7,JasperQuin_NFT,"#UkraineRussiaWar,#Azovstal,#Ukrainian,#StopTheWar,#peace,#Mariupol",0,0,0,0,https://twitter.com/twitter/statuses/1525924056884731904,2022-05-15 19:40:20+00:00
8,A_ManOfTheWorld,#GiveawayNFT,0,0,@A_ManOfTheWorld,Tag people,https://twitter.com/twitter/statuses/1525923948097044481,2022-05-15 19:39:54+00:00
9,HarumiIkigai,"#NFTGiveaways,#NFT,#NFTCommunity,#NFTartist,#nftcollectors",0,0,0,0,https://twitter.com/twitter/statuses/1525923858066378754,2022-05-15 19:39:32+00:00
10,PopularionNFT,,0,1,0,0,https://twitter.com/twitter/statuses/1525923674989154304,2022-05-15 19:38:49+00:00
11,_ProjectNFT_,"#nft,#nftart,#NFTs,#NFTCommunity",0,0,0,0,https://twitter.com/twitter/statuses/1525923670211842048,2022-05-15 19:38:47+00:00
12,batmanestatenft,#NFT,0,0,['@batmanestatenft'],Tag people,https://twitter.com/twitter/statuses/1525923629413834754,2022-05-15 19:38:38+00:00
13,NFTartNegue,"#NFTs,#NFTCommmunty,#NFTcollections,#NFTGiveaways,#NFTGiveaways,#NFTs",0,0,0,0,https://twitter.com/twitter/statuses/1525923553769553920,2022-05-15 19:38:20+00:00
14,KIRIBASSjp,"#NFT,#NFTs,#NFTGiveaways,#NFTJPN,#NFTartist,#NFTJapan,#NFTColection",0,0,0,0,https://twitter.com/twitter/statuses/1525923528263860225,2022-05-15 19:38:14+00:00
15,chasejonrankin,,0,0,0,0,https://twitter.com/twitter/statuses/1525923507216867328,2022-05-15 19:38:09+00:00
16,_Rafael_Har_,#NFTs,0,1,0,0,https://twitter.com/twitter/statuses/1525923465571844096,2022-05-15 19:37:59+00:00
17,waffle_eth,"#WAGMI,#NFTCommunity,#nftcollector,#nftartist,#nftart,#NFTProject,#NFTGiveaways,#Ethereum",0,0,0,0,https://twitter.com/twitter/statuses/1525923326643912706,2022-05-15 19:37:26+00:00
18,SinVokers,,0,0,0,0,https://twitter.com/twitter/statuses/1525923157626040320,2022-05-15 19:36:45+00:00
19,nftsvipclub,#SneakersHeads,0,0,0,0,https://twitter.com/twitter/statuses/1525923150273339394,2022-05-15 19:36:43+00:00
20,YakCityNFT,#NFTGiveaways,1,0,0,0,https://twitter.com/twitter/statuses/1525923094891597824,2022-05-15 19:36:30+00:00
21,blockchain_xo,"#NFTs,#NFTGiveaways,#NFTdrops,#NFTgaming,#NFTAirdrop",0,0,0,0,https://twitter.com/twitter/statuses/1525923058204217344,2022-05-15 19:36:22+00:00
22,EJ_Nfts,"#NFTs,#NFTs,#NFTGiveaways,#NFTartists,#NFTProject,#NFTcollections,#NFTdiscord",0,0,0,0,https://twitter.com/twitter/statuses/1525923039463997441,2022-05-15 19:36:17+00:00
23,HackedDave,#nftart,0,0,0,0,https://twitter.com/twitter/statuses/1525922948946731009,2022-05-15 19:35:55+00:00
24,CuteSnakeClub,#NFTs,0,0,0,0,https://twitter.com/twitter/statuses/1525922927358660614,2022-05-15 19:35:50+00:00
25,batmanestatenft,#NFT,0,0,['@batmanestatenft'],Tag people,https://twitter.com/twitter/statuses/1525922911240044545,2022-05-15 19:35:46+00:00
26,BOTSNFTS,,0,0,0,0,https://twitter.com/twitter/statuses/1525922898300571648,2022-05-15 19:35:43+00:00
27,thelioxnfts,,0,0,['@thelioxnfts'],0,https://twitter.com/twitter/statuses/1525922823344115713,2022-05-15 19:35:26+00:00
28,Kserkur,"#Black,#White,#Crypto,#ethereum,#DoctorStrange,#bitcoin,#NFTGiveaway",0,0,0,0,https://twitter.com/twitter/statuses/1525922793526902786,2022-05-15 19:35:18+00:00
29,materiytipok,"#NFTs,#opensea,#NFTGiveaways,#35mmfilm,#NFTGiveaway",0,0,0,0,https://twitter.com/twitter/statuses/1525922782835613698,2022-05-15 19:35:16+00:00
30,onerose609,,0,0,@onerose609,0,https://twitter.com/twitter/statuses/1525922715399507970,2022-05-15 19:35:00+00:00
31,Ibrardidthis,"#NFTCommunity,#NFT,#NFTs,#nftart,#NFTGiveaways",0,0,0,0,https://twitter.com/twitter/statuses/1525922709766647808,2022-05-15 19:34:58+00:00
32,Lillicagolden,,0,0,0,0,https://twitter.com/twitter/statuses/1525922632306249734,2022-05-15 19:34:40+00:00
33,claudio_boczon,"#nft,#nftartist",0,0,0,0,https://twitter.com/twitter/statuses/1525922575137882112,2022-05-15 19:34:26+00:00
34,FrostiesNFTsBot,#NFT,0,0,0,0,https://twitter.com/twitter/statuses/1525922550966099968,2022-05-15 19:34:21+00:00
35,VanBusse,"#Junkies,#CNFTs,#CNFTGiveaway,#NFTs,#CNFTdrop,#NFTGiveaways",0,0,0,0,https://twitter.com/twitter/statuses/1525922542154043392,2022-05-15 19:34:18+00:00
36,EJ_Nfts,"#NFTs,#NFTGiveaways",0,0,0,0,https://twitter.com/twitter/statuses/1525922505612992518,2022-05-15 19:34:10+00:00
37,BoffinSociety,,0,1,['@BoffinSociety'],0,https://twitter.com/twitter/statuses/1525922490924601351,2022-05-15 19:34:06+00:00
38,SENDYOURNFT,"#NFTCommunity,#NFTGiveaways,#NFT",0,0,0,0,https://twitter.com/twitter/statuses/1525922478094094336,2022-05-15 19:34:03+00:00
39,chasejonrankin,"#NFTGiveaways,#Crypto,#socaltoken",0,0,0,0,https://twitter.com/twitter/statuses/1525922469361483776,2022-05-15 19:34:01+00:00
40,MrSmithOfficia4,"#NFTCommunity,#nftart,#NFT,#NFTCollection,#NFTGiveaway",0,0,0,0,https://twitter.com/twitter/statuses/1525922425707319298,2022-05-15 19:33:51+00:00
41,MaybeTravelers,,0,0,0,0,https://twitter.com/twitter/statuses/1525922355284807681,2022-05-15 19:33:34+00:00
42,TheGebenCollec1,"#nft,#NFTGiveaway,#NFTCommunity,#nftart,#nftcollectors,#OpenSeaNFT,#NFTdrops,#NFTworld,#NFTcollections",0,0,0,0,https://twitter.com/twitter/statuses/1525922196748648449,2022-05-15 19:32:56+00:00
43,TheCoolDudes3,"#buyNFT,#eth,#Ethereum,#NFT,#NFTCollection,#NFTdrop,#NFTdrops",0,0,0,0,https://twitter.com/twitter/statuses/1525922186917302272,2022-05-15 19:32:54+00:00
44,TheDalka,"#NFTs,#NFTGiveaways",0,0,0,0,https://twitter.com/twitter/statuses/1525922163232055299,2022-05-15 19:32:48+00:00
45,Solana_solleo,"#SolanaGiveaway,#NFTs,#NFTGiveaways",0,0,0,0,https://twitter.com/twitter/statuses/1525922116738109442,2022-05-15 19:32:37+00:00
46,AR_JO21,"#rarible,#ethereum,#nonfungible,#digitalasset,#nft",0,0,0,0,https://twitter.com/twitter/statuses/1525922039927824386,2022-05-15 19:32:19+00:00
47,Matt14870873,#NFTGiveaways,0,0,0,0,https://twitter.com/twitter/statuses/1525922035653677056,2022-05-15 19:32:18+00:00
48,BitboySolgirl,"#wl,#WLGiveaways,#NFTGiveaways,#NFTdrop,#NFTProjects",0,0,0,0,https://twitter.com/twitter/statuses/1525921932406771712,2022-05-15 19:31:53+00:00
49,wegobattlepods,,0,0,0,0,https://twitter.com/twitter/statuses/1525921898156236802,2022-05-15 19:31:45+00:00
50,ZohreSolati,"#mydailylife,#Documentary,#photography,#NFT,#NFTs",0,0,0,0,https://twitter.com/twitter/statuses/1525921828924956674,2022-05-15 19:31:28+00:00
51,al91201,"#ensdomains,#ens,#10kclub,#10kclub,#NFTs",0,0,0,0,https://twitter.com/twitter/statuses/1525921798222761992,2022-05-15 19:31:21+00:00
52,DEJAVUNFT27,"#NFTs,#NFTGiveaways,#NFTCommunity",0,0,0,0,https://twitter.com/twitter/statuses/1525921797874585601,2022-05-15 19:31:21+00:00
53,batmanestatenft,,0,0,0,Tag people,https://twitter.com/twitter/statuses/1525921713074098181,2022-05-15 19:31:01+00:00
54,TheLilLlamasNFT,"#LilLlamas,#NFTGiveaways",0,0,0,0,https://twitter.com/twitter/statuses/1525921681381933058,2022-05-15 19:30:53+00:00
55,DEJAVUNFT27,"#NFTs,#NFTGiveaways,#NFTCommunity",0,0,0,0,https://twitter.com/twitter/statuses/1525921622250725378,2022-05-15 19:30:39+00:00
56,theburgersnft,"#NFTGiveaways,#NFTCommunity,#NFTs",0,0,0,0,https://twitter.com/twitter/statuses/1525921586326425601,2022-05-15 19:30:31+00:00
57,KittyMayaNFT,,0,0,0,0,https://twitter.com/twitter/statuses/1525921463622111239,2022-05-15 19:30:01+00:00
58,nftbuzztoday,,0,0,0,0,https://twitter.com/twitter/statuses/1525921457863200768,2022-05-15 19:30:00+00:00
59,NFTRichCrypto,,1,1,@NFTRichCrypto,0,https://twitter.com/twitter/statuses/1525921457057869824,2022-05-15 19:30:00+00:00
60,tubbyfriends,"#NFTGiveaway,#PolygonNFT,#TubbyFriends,#NFT",0,0,0,0,https://twitter.com/twitter/statuses/1525921120133730309,2022-05-15 19:28:39+00:00
61,ZenNfties,,0,0,0,0,https://twitter.com/twitter/statuses/1525921026307198979,2022-05-15 19:28:17+00:00
62,SENDYOURNFT,,0,0,0,0,https://twitter.com/twitter/statuses/1525920965665796096,2022-05-15 19:28:03+00:00
63,MetaBeasts,,0,0,0,0,https://twitter.com/twitter/statuses/1525920941787664385,2022-05-15 19:27:57+00:00
64,Metanftpixel,#nftgiveaway,1,0,0,0,https://twitter.com/twitter/statuses/1525920900251537408,2022-05-15 19:27:47+00:00
65,shamanyckVision,,0,0,0,0,https://twitter.com/twitter/statuses/1525920884539633664,2022-05-15 19:27:43+00:00
66,Lady_Ethe,,0,0,0,0,https://twitter.com/twitter/statuses/1525920831083266059,2022-05-15 19:27:31+00:00
67,Ibrardidthis,"#NFTCommunity,#NFT,#NFTs,#nftart,#NFTGiveaways",0,0,0,0,https://twitter.com/twitter/statuses/1525920789601689601,2022-05-15 19:27:21+00:00
68,ListLords,#nft,0,0,0,0,https://twitter.com/twitter/statuses/1525920697331204096,2022-05-15 19:26:59+00:00
69,LuckyWolvesNFT,"#NFTs,#NFTCommunity",0,0,0,0,https://twitter.com/twitter/statuses/1525920633338601473,2022-05-15 19:26:43+00:00
70,Kay89333191,,0,0,0,0,https://twitter.com/twitter/statuses/1525920517953400833,2022-05-15 19:26:16+00:00
71,SwimAdults,,0,0,0,0,https://twitter.com/twitter/statuses/1525920474294894594,2022-05-15 19:26:05+00:00
72,iKCTeam1,,0,0,0,0,https://twitter.com/twitter/statuses/1525920206639472641,2022-05-15 19:25:02+00:00
73,sol_bobos,"#nft,#nfts,#sol,#solana",0,0,0,0,https://twitter.com/twitter/statuses/1525920143301349377,2022-05-15 19:24:47+00:00
74,sandria_dart,"#art,#OpenSeaNFT,#openseanfts",0,0,0,0,https://twitter.com/twitter/statuses/1525920138260004864,2022-05-15 19:24:45+00:00
75,Ronny94810823,"#NFT,#Enjin",0,0,0,0,https://twitter.com/twitter/statuses/1525920043099377665,2022-05-15 19:24:23+00:00
76,moonmininghe3,,0,0,0,0,https://twitter.com/twitter/statuses/1525919981858349056,2022-05-15 19:24:08+00:00
77,CaesarCipher00,,0,0,0,0,https://twitter.com/twitter/statuses/1525919970009690112,2022-05-15 19:24:05+00:00
78,SENDYOURNFT,"#NFTCommunity,#NFTGiveaways,#NFT",0,0,0,0,https://twitter.com/twitter/statuses/1525919964518965249,2022-05-15 19:24:04+00:00
79,SENDYOURNFT,,0,0,0,0,https://twitter.com/twitter/statuses/1525919958986698752,2022-05-15 19:24:03+00:00
80,leewebb44,#NFTs,0,0,0,0,https://twitter.com/twitter/statuses/1525919958416367616,2022-05-15 19:24:02+00:00
81,U_niqueNFT,"#NFT,#NFTCommunity,#NFTs,#NFTGiveaways",0,0,0,0,https://twitter.com/twitter/statuses/1525919799661895680,2022-05-15 19:23:25+00:00
82,OMNIe93,,0,0,0,0,https://twitter.com/twitter/statuses/1525919727272398848,2022-05-15 19:23:07+00:00
83,Elvis81x,"#FoundationNFT,#foundationapp",0,0,0,0,https://twitter.com/twitter/statuses/1525919719483645952,2022-05-15 19:23:05+00:00
84,StrangeCryptoMN,"#NFTCommumity,#nftcollector,#nftartist",0,0,0,0,https://twitter.com/twitter/statuses/1525919695689465859,2022-05-15 19:23:00+00:00
85,nftfollow_,"#NFTCommunity,#NFTs,#NFT,#NFTGiveaways,#nftart,#NFTProject",0,0,0,0,https://twitter.com/twitter/statuses/1525919666018869253,2022-05-15 19:22:53+00:00
86,Pillaz007,"#NFTs,#NFTGiveaways",0,0,0,0,https://twitter.com/twitter/statuses/1525919650923614209,2022-05-15 19:22:49+00:00
87,Elvis81x,"#FoundationNFT,#foundationapp",0,0,0,0,https://twitter.com/twitter/statuses/1525919632024121353,2022-05-15 19:22:45+00:00
88,StreetAlienSoc,,0,0,0,0,https://twitter.com/twitter/statuses/1525919593579139074,2022-05-15 19:22:35+00:00
89,Elvis81x,"#FoundationNFT,#foundationapp",0,0,0,0,https://twitter.com/twitter/statuses/1525919531503427584,2022-05-15 19:22:21+00:00
90,SENDYOURNFT,"#NFTCommunity,#NFTGiveaways,#NFT",0,0,0,0,https://twitter.com/twitter/statuses/1525919468278280193,2022-05-15 19:22:06+00:00
91,Elvis81x,"#FoundationNFT,#foundationapp",0,0,0,0,https://twitter.com/twitter/statuses/1525919392093065216,2022-05-15 19:21:47+00:00
92,YakCityNFT,,1,0,0,0,https://twitter.com/twitter/statuses/1525919340599463938,2022-05-15 19:21:35+00:00
93,Elvis81x,"#FoundationNFT,#foundationapp",0,0,0,0,https://twitter.com/twitter/statuses/1525919300778962944,2022-05-15 19:21:26+00:00
94,CryptoGlobalGem,,0,0,0,0,https://twitter.com/twitter/statuses/1525919106301857792,2022-05-15 19:20:39+00:00
95,PatriciaKSalas1,,0,0,0,0,https://twitter.com/twitter/statuses/1525918984893517824,2022-05-15 19:20:10+00:00
96,DopeAlpacas,"#NFTCommunity,#NFT",0,0,0,0,https://twitter.com/twitter/statuses/1525918892497022976,2022-05-15 19:19:48+00:00
97,oldenter,,0,0,0,0,https://twitter.com/twitter/statuses/1525918819931258881,2022-05-15 19:19:31+00:00
98,Cryptopital,"#NFTGiveaways,#gata",0,0,0,0,https://twitter.com/twitter/statuses/1525918817519554560,2022-05-15 19:19:30+00:00
99,Ibrardidthis,"#NFTCommunity,#NFT,#NFTs,#nftart,#NFTGiveaways",0,0,0,0,https://twitter.com/twitter/statuses/1525918773659721729,2022-05-15 19:19:20+00:00
100,Bownfts,"#NFTCommunity,#NFTs,#NFTGiveaways",0,0,0,0,https://twitter.com/twitter/statuses/1525918754009276416,2022-05-15 19:19:15+00:00
101,waffle_eth,#NFT,1,1,"['@waffle_eth', '@_FreeNFT']",0,https://twitter.com/twitter/statuses/1525918748883943424,2022-05-15 19:19:14+00:00
102,DrDadTips1,,0,0,0,0,https://twitter.com/twitter/statuses/1525918744354050048,2022-05-15 19:19:13+00:00
103,XCoolBots,"#CoolBots,#XRPL,#SOLO,#SOLOGENIC,#XRPLCommunity",0,0,0,0,https://twitter.com/twitter/statuses/1525918711622021120,2022-05-15 19:19:05+00:00
104,BeastyBoyNFTs,"#NFTCommunity,#NFTGiveaways,#NFTs",0,0,0,0,https://twitter.com/twitter/statuses/1525918586866262017,2022-05-15 19:18:35+00:00
105,_ProjectNFT_,"#nft,#nftart,#NFTs,#NFTCommunity",0,0,0,0,https://twitter.com/twitter/statuses/1525918565181837315,2022-05-15 19:18:30+00:00
106,HentabliM,"#Giveaway,#NFT,#NFTs,#NFTdrop,#NFTGiveaways,#NFTCommunity,#NFTArt,#OpenSeaNFT,#ETH,#Polygon",0,0,0,0,https://twitter.com/twitter/statuses/1525918548316545025,2022-05-15 19:18:26+00:00
107,nftvent,"#NFTs,#NFTGiveaways",0,0,0,0,https://twitter.com/twitter/statuses/1525918533296717824,2022-05-15 19:18:23+00:00
108,PapaFish_NFTs,"#NFTs,#NFTCommunity,#NFTProjects",0,0,0,0,https://twitter.com/twitter/statuses/1525918460362080273,2022-05-15 19:18:05+00:00
109,PottyMouthNFT,,1,0,0,0,https://twitter.com/twitter/statuses/1525918438010589184,2022-05-15 19:18:00+00:00
110,OG_metapunks,"#NFTCommunity,#NFTs,#NFTGiveaways",0,0,0,0,https://twitter.com/twitter/statuses/1525918373841817600,2022-05-15 19:17:45+00:00
111,OG_metapunks,"#NFTCommunity,#NFTs,#NFTGiveaways",0,0,0,0,https://twitter.com/twitter/statuses/1525918221370396678,2022-05-15 19:17:08+00:00
112,VitaliiNFT,"#NFTs,#NFTCommunity,#NFTGiveaways,#nftart,#OpenSeaNFT,#nftnews",0,0,0,0,https://twitter.com/twitter/statuses/1525918213284020225,2022-05-15 19:17:06+00:00
113,Ncrypto_Art,,0,0,0,0,https://twitter.com/twitter/statuses/1525918018492108800,2022-05-15 19:16:20+00:00
114,DeadHeads_NFT,,0,0,0,0,https://twitter.com/twitter/statuses/1525918002172026881,2022-05-15 19:16:16+00:00
115,NFTsspotter,#NFT,0,0,@NFTsspotter,0,https://twitter.com/twitter/statuses/1525917961420255232,2022-05-15 19:16:06+00:00
116,TheEliteReapers,"#NFTs,#NFTCommunity,#NFTGiveaways,#NFTartist,#NFT,#NFTProject",0,0,0,0,https://twitter.com/twitter/statuses/1525917890616098816,2022-05-15 19:15:49+00:00
117,BrlTrade,#domains,0,0,0,0,https://twitter.com/twitter/statuses/1525917872949698561,2022-05-15 19:15:45+00:00
118,salvador_nfts,"#NFTGiveaways,#NFTCommunity,#Dropyournft,#NFTCommunity,#NFTs,#NFTartist,#NFTdrop,#NFTProject",0,0,0,0,https://twitter.com/twitter/statuses/1525917798484123650,2022-05-15 19:15:27+00:00
119,Akgun_6461,#NFTCommunity,0,0,0,0,https://twitter.com/twitter/statuses/1525917695560105984,2022-05-15 19:15:03+00:00
120,NFTEnforcers,"#NFTCommunity,#NFTGiveaways,#NFTs",0,0,0,0,https://twitter.com/twitter/statuses/1525917682033258496,2022-05-15 19:15:00+00:00
121,JuaNFT_sol,"#NFTGiveaways,#nftart,#NFTProject,#drainer,#SolanaNFT,#NFTCommunity,#nft",0,0,0,0,https://twitter.com/twitter/statuses/1525917578941583362,2022-05-15 19:14:35+00:00
122,BoffinSociety,,0,0,['@BoffinSociety'],0,https://twitter.com/twitter/statuses/1525917557357780992,2022-05-15 19:14:30+00:00
123,KnifeNft,,0,1,['@nftThrive'],0,https://twitter.com/twitter/statuses/1525917444753211394,2022-05-15 19:14:03+00:00
124,OG_metapunks,"#NFTCommunity,#NFTs,#NFTGiveaways",0,0,0,0,https://twitter.com/twitter/statuses/1525917434451857408,2022-05-15 19:14:01+00:00
125,48YearsOfTravel,"#NFT,#nfts,#NFTCommmunity,#NFTGiveaways",0,0,0,0,https://twitter.com/twitter/statuses/1525917344530300933,2022-05-15 19:13:39+00:00
126,Shyn1I,,0,0,0,0,https://twitter.com/twitter/statuses/1525917295003975681,2022-05-15 19:13:27+00:00
127,Pillaz007,"#NFTs,#NFTCommunity",0,0,0,0,https://twitter.com/twitter/statuses/1525917287622004738,2022-05-15 19:13:26+00:00
128,OG_metapunks,"#NFTCommunity,#NFTs,#NFTGiveaways",0,0,0,0,https://twitter.com/twitter/statuses/1525917209406582784,2022-05-15 19:13:07+00:00
129,goosey1309,,0,0,0,0,https://twitter.com/twitter/statuses/1525917179631517696,2022-05-15 19:13:00+00:00
130,OG_metapunks,"#NFTCommunity,#NFTs,#NFTGiveaways",0,0,0,0,https://twitter.com/twitter/statuses/1525917158496055296,2022-05-15 19:12:55+00:00
131,OG_metapunks,"#NFTCommunity,#NFTs,#NFTGiveaways",0,0,0,0,https://twitter.com/twitter/statuses/1525917094491041792,2022-05-15 19:12:40+00:00
132,HentabliM,"#Giveaway,#NFT,#NFTs,#NFTdrop,#NFTGiveaways",0,0,0,0,https://twitter.com/twitter/statuses/1525917028812455936,2022-05-15 19:12:24+00:00
133,Wakalls,,0,0,0,0,https://twitter.com/twitter/statuses/1525916948990771200,2022-05-15 19:12:05+00:00
134,savage_girl20,,0,0,0,0,https://twitter.com/twitter/statuses/1525916931630370817,2022-05-15 19:12:01+00:00
135,BoredDeers,#NFTGiveaways,0,1,@BoredDeers,0,https://twitter.com/twitter/statuses/1525916903461597186,2022-05-15 19:11:54+00:00
136,doodybuddy,#NFTGiveaway,0,1,0,0,https://twitter.com/twitter/statuses/1525916902018654210,2022-05-15 19:11:54+00:00
137,DHUniverse_CNFT,,0,0,0,0,https://twitter.com/twitter/statuses/1525916886571044864,2022-05-15 19:11:50+00:00
138,sadbrush0,"#NFTs,#Ethereum,#NFTs",0,0,0,0,https://twitter.com/twitter/statuses/1525916874411843584,2022-05-15 19:11:47+00:00
139,bjackson215,#NFTGiveaways,0,0,0,0,https://twitter.com/twitter/statuses/1525916817755148290,2022-05-15 19:11:34+00:00
140,NftHybears,"#NFT,#NFTs",0,0,0,0,https://twitter.com/twitter/statuses/1525916809198653440,2022-05-15 19:11:32+00:00
141,DemoSkullz,"#NFTCommunity,#NFTGiveaways,#NFTs",0,0,0,0,https://twitter.com/twitter/statuses/1525916796489850880,2022-05-15 19:11:29+00:00
142,mphsss300,"#OakParadise,#OakList,#Solana,#SolanaNFTs",0,0,0,0,https://twitter.com/twitter/statuses/1525916519628259328,2022-05-15 19:10:23+00:00
143,IlyaSantana,,0,0,0,0,https://twitter.com/twitter/statuses/1525916492126199810,2022-05-15 19:10:16+00:00
144,Bozz_Catz,"#BozzCatz,#T21Love,#DownSyndrome,#NFTGiveaway,#NFTGiveaways",0,0,0,0,https://twitter.com/twitter/statuses/1525916489555095554,2022-05-15 19:10:15+00:00
145,DLKDIRTYJ,"#NFT,#nftart,#NFTGiveaways",0,0,0,0,https://twitter.com/twitter/statuses/1525916421208694784,2022-05-15 19:09:59+00:00
146,MetaMandy_,"#NFTGiveaways,#NFTs,#NFTProject,#nftcollectors,#yearofthewoman",0,0,0,0,https://twitter.com/twitter/statuses/1525916408923803648,2022-05-15 19:09:56+00:00
147,hifagallery,"#presidents,#UN",0,0,0,0,https://twitter.com/twitter/statuses/1525916383355150336,2022-05-15 19:09:50+00:00
148,DinosaurOgalaxy,,0,0,0,0,https://twitter.com/twitter/statuses/1525916373716721666,2022-05-15 19:09:48+00:00
149,HoomansN,,0,0,0,0,https://twitter.com/twitter/statuses/1525916350190964736,2022-05-15 19:09:42+00:00
150,HentabliM,"#Giveaway,#NFT,#NFTs,#NFTdrop,#NFTGiveaways",0,0,0,0,https://twitter.com/twitter/statuses/1525916278996754433,2022-05-15 19:09:25+00:00
151,CyprienLyautey,"#NFTs,#ETH,#Ethereum",0,0,0,0,https://twitter.com/twitter/statuses/1525916240656613376,2022-05-15 19:09:16+00:00
152,SAKURAxKOYOMI,,0,0,0,0,https://twitter.com/twitter/statuses/1525916125057490946,2022-05-15 19:08:49+00:00
153,Pillaz007,"#NFTCommunity,#NFTs,#NFTGiveaways,#SolanaNFT,#Solana",0,0,0,0,https://twitter.com/twitter/statuses/1525916058003161089,2022-05-15 19:08:33+00:00
154,nftpromochan,"#poker,#ElrondCommunity,#Elrond,#EGLD,#Elrondairdrop,#NFTGiveaway,#ElrondNFT,#NFT,#NFTs",0,0,0,0,https://twitter.com/twitter/statuses/1525915979552903172,2022-05-15 19:08:14+00:00
155,CETNCT_,"#rarible,#ethereum,#nonfungible,#digitalasset",0,0,0,0,https://twitter.com/twitter/statuses/1525915943808794624,2022-05-15 19:08:05+00:00
156,Ibrardidthis,"#NFTCommunity,#NFT,#NFTs,#NFTGiveaways,#nftart",0,0,0,0,https://twitter.com/twitter/statuses/1525915814225903621,2022-05-15 19:07:34+00:00
157,metaplanetaries,,0,0,0,0,https://twitter.com/twitter/statuses/1525915748182499328,2022-05-15 19:07:19+00:00
158,LisaLou19860612,"#nftpromotion,#NFTCommunity,#NFTGiveaways",0,0,0,0,https://twitter.com/twitter/statuses/1525915739940601858,2022-05-15 19:07:17+00:00
159,CircusGirlsNFT,,0,0,0,0,https://twitter.com/twitter/statuses/1525915721368223745,2022-05-15 19:07:12+00:00
160,Mohammad_ahg8,"#NFTCommunity,#NFTs,#NFTCollection,#NFTGiveaways,#NFTGiveaway,#NFTdrop,#nftcollector,#NFTWorlds",0,0,0,0,https://twitter.com/twitter/statuses/1525915672093523969,2022-05-15 19:07:01+00:00
161,SENDYOURNFT,,0,0,0,0,https://twitter.com/twitter/statuses/1525915553906298885,2022-05-15 19:06:32+00:00
162,CryptobotByDS,"#NFTCommunity,#BSC,#BSCGems,#BNBChain,#BNB",0,0,0,0,https://twitter.com/twitter/statuses/1525915469324099584,2022-05-15 19:06:12+00:00
163,WrestOrgOnline,#Splinterlands,0,0,0,0,https://twitter.com/twitter/statuses/1525915411308589056,2022-05-15 19:05:58+00:00
164,volkanvarol052,"#nft,#NFT,#NFTs,#NFTCommunity,#NFTcollectibles,#NFTGiveaways,#NFTdrop,#opensea",0,0,0,0,https://twitter.com/twitter/statuses/1525915310712360961,2022-05-15 19:05:34+00:00
165,ArrlandNFT,"#ConceptArt,#PlayToEarn,#NFTGame,#Metaverse,#NFTs,#NFTCommunity",0,0,0,0,https://twitter.com/twitter/statuses/1525915151836368897,2022-05-15 19:04:56+00:00
166,LizzyTrader,,0,0,0,0,https://twitter.com/twitter/statuses/1525914930716680192,2022-05-15 19:04:04+00:00
167,Nft_Cyrox,,0,0,0,0,https://twitter.com/twitter/statuses/1525914914296045571,2022-05-15 19:04:00+00:00
168,trutherbotnet,"#CryptoNWO,#NFTGiveaway,#NFTGiveaways,#NFTdrop,#NFTdrops",0,0,0,0,https://twitter.com/twitter/statuses/1525914859795120128,2022-05-15 19:03:47+00:00
169,crystalmike_cm,"#sundayvibes,#FACupFinal,#NFTGiveaways,#NFTs,#CryptoNews,#opensea",0,0,0,0,https://twitter.com/twitter/statuses/1525914629549047810,2022-05-15 19:02:52+00:00
170,clips_dark,"#PolygonNFT,#NFTs,#nftart,#NFTProject,#opensea,#OpenSeaNFT,#CleanNFT,#NFTGiveaways,#ETH,#BTC",0,0,0,0,https://twitter.com/twitter/statuses/1525914443238219777,2022-05-15 19:02:08+00:00
171,HappyFrogsNFTs,,0,0,0,0,https://twitter.com/twitter/statuses/1525914385675337729,2022-05-15 19:01:54+00:00
172,realkennypowell,,0,0,0,0,https://twitter.com/twitter/statuses/1525914134478348294,2022-05-15 19:00:54+00:00
173,OG_metapunks,"#NFTCommunity,#NFTs,#NFTGiveaways",0,0,0,0,https://twitter.com/twitter/statuses/1525914093181227010,2022-05-15 19:00:44+00:00
174,OG_metapunks,"#NFTCommunity,#NFTs,#NFTGiveaways",0,0,0,0,https://twitter.com/twitter/statuses/1525914029402705920,2022-05-15 19:00:29+00:00
175,LoneWolf_SC,"#LWSC,#NFT,#NFTGiveaways",0,0,0,0,https://twitter.com/twitter/statuses/1525914016446615553,2022-05-15 19:00:26+00:00
176,Samoanpush,"#creatorclash,#NFTs,#NFTProjects,#NFT,#NFTGiveaways,#NFTCommunity,#LUNA",0,0,0,0,https://twitter.com/twitter/statuses/1525914003356192768,2022-05-15 19:00:23+00:00
177,R_charyyev,,0,0,0,0,https://twitter.com/twitter/statuses/1525913973358469121,2022-05-15 19:00:16+00:00
178,NFT2PRINTCOM,,0,0,0,0,https://twitter.com/twitter/statuses/1525913912687869952,2022-05-15 19:00:01+00:00
179,NFTRichCrypto,#BNB,1,1,@NFTRichCrypto,0,https://twitter.com/twitter/statuses/1525913910204768256,2022-05-15 19:00:00+00:00
180,spankzy88,#NFT,0,0,0,0,https://twitter.com/twitter/statuses/1525913908560683009,2022-05-15 19:00:00+00:00
181,jeffersonbruman,"#crofam,#Cronos",1,0,0,0,https://twitter.com/twitter/statuses/1525913907654557696,2022-05-15 19:00:00+00:00
182,NarloNFT,,1,1,0,0,https://twitter.com/twitter/statuses/1525913831331008512,2022-05-15 18:59:42+00:00
183,khanjiCreations,"#NFT,#NFTs,#NFTGiveaways,#Cryptos",0,0,0,0,https://twitter.com/twitter/statuses/1525913811647188992,2022-05-15 18:59:37+00:00
184,NeonkeysNFT,"#NFT,#NFTCommmunity,#nftcollector,#NFTcollectibles,#NFTGiveaway,#NFTGiveaways",0,0,0,0,https://twitter.com/twitter/statuses/1525913746220236806,2022-05-15 18:59:21+00:00
185,SENDYOURNFT,"#NFTCommunity,#NFTGiveaways,#NFT",0,0,0,0,https://twitter.com/twitter/statuses/1525913671586656256,2022-05-15 18:59:04+00:00
186,pupilmask,"#NFT,#NFTCommunity,#NFTGiveaways,#NFTdrop",0,1,0,0,https://twitter.com/twitter/statuses/1525913631682138112,2022-05-15 18:58:54+00:00
187,calligrator,"#NFT,#NFTs,#NFTCommunity,#NFTGiveaways,#NFTartist",0,0,0,0,https://twitter.com/twitter/statuses/1525913623377453058,2022-05-15 18:58:52+00:00
188,FalcoCotton,"#NFTs,#NFTCommunity,#NFTGiveaways,#NFTartist,#nftlover",0,0,0,0,https://twitter.com/twitter/statuses/1525913619174670339,2022-05-15 18:58:51+00:00
189,Mr_Vich_Uk,"#nft,#nfts,#nftart,#nftcollectors,#NFTcollection,#NFTcollectibles,#NFTProjects",0,0,0,0,https://twitter.com/twitter/statuses/1525913608504463361,2022-05-15 18:58:49+00:00
190,StarWarsMeta,,1,1,['@StarWarsMeta'],Tag 3 people,https://twitter.com/twitter/statuses/1525913546273570816,2022-05-15 18:58:34+00:00
191,DWDNFTStudio,,0,0,['@Heartsxrp'],0,https://twitter.com/twitter/statuses/1525913438542737408,2022-05-15 18:58:08+00:00
192,Alittsugar,"#NFTs,#NFT,#NFTGiveaways,#NFTCommunity",0,0,0,0,https://twitter.com/twitter/statuses/1525913422847688713,2022-05-15 18:58:04+00:00
193,realkennypowell,"#BLUEming,#NFTCommunity",0,0,0,0,https://twitter.com/twitter/statuses/1525913420175843328,2022-05-15 18:58:04+00:00
194,TiTs_JaCkEd,#NFTGiveaway,0,0,0,0,https://twitter.com/twitter/statuses/1525913311015063554,2022-05-15 18:57:38+00:00
195,ladri_25,,0,0,0,0,https://twitter.com/twitter/statuses/1525913297022857219,2022-05-15 18:57:34+00:00
196,adilson852,"#nft,#airdrop,#poap,#NFTGiveaways,#Web3,#DeFi,#NFTCommunity",0,0,0,0,https://twitter.com/twitter/statuses/1525913279671025665,2022-05-15 18:57:30+00:00
197,TiTs_JaCkEd,"#WICKEDMFERS,#NFT,#CREYZIES,#GIVEAWAY",0,0,0,0,https://twitter.com/twitter/statuses/1525913276948815879,2022-05-15 18:57:29+00:00
198,DevTwittee,"#NFTGiveaway,#NFT,#NFTJapan,#Ethereum,#Polygon",0,0,0,0,https://twitter.com/twitter/statuses/1525913272452386816,2022-05-15 18:57:28+00:00
199,NFT_collectorm,"#NFTs,#NFTcollection,#Etherum",0,0,0,0,https://twitter.com/twitter/statuses/1525912663519371273,2022-05-15 18:55:03+00:00
200,SanwalMumtaz8,"#NFTCollection,#NFTGiveaways,#NFTdrop,#NFTCommunity,#NFTs",0,0,0,0,https://twitter.com/twitter/statuses/1525912648767770624,2022-05-15 18:55:00+00:00
201,viewsandart,#NFT,0,0,0,0,https://twitter.com/twitter/statuses/1525912439044308993,2022-05-15 18:54:10+00:00
202,realkennypowell,"#crime,#NEW,#movie",1,0,0,0,https://twitter.com/twitter/statuses/1525912436217217025,2022-05-15 18:54:09+00:00
203,Senseisports1,#Spain,0,0,0,0,https://twitter.com/twitter/statuses/1525912332735393792,2022-05-15 18:53:44+00:00
204,Cfnvlogs,"#NFTCommunity,#NFTs,#NFTGiveaways",0,0,0,0,https://twitter.com/twitter/statuses/1525912291312549888,2022-05-15 18:53:34+00:00
205,doodlebeastnft,,0,0,0,0,https://twitter.com/twitter/statuses/1525912245909303296,2022-05-15 18:53:24+00:00
206,cryptoPig0_0,#NFTCommunity,1,0,@cryptoPig0_0,0,https://twitter.com/twitter/statuses/1525912222412771330,2022-05-15 18:53:18+00:00
207,vintagebearsnft,"#Solana,#SolanaNFT,#NFTCommunity",0,0,0,0,https://twitter.com/twitter/statuses/1525912210572181505,2022-05-15 18:53:15+00:00
208,WF8_AMC,#Solana,0,0,['@WF8_AMC'],0,https://twitter.com/twitter/statuses/1525912178993537024,2022-05-15 18:53:08+00:00
209,Nftmatx,"#NFT,#NFTs,#NFTGiveaway,#NFTCommunity,#NFTGiveaways,#NFTProject,#NFTdrop,#NFTcollection,#bitcoin",0,0,0,0,https://twitter.com/twitter/statuses/1525912079634518018,2022-05-15 18:52:44+00:00
210,cryptonfti,,0,0,0,0,https://twitter.com/twitter/statuses/1525912028937854980,2022-05-15 18:52:32+00:00
211,NfcStackers,"#AAPE,#AAPES,#AAPEQUEEN",0,0,0,0,https://twitter.com/twitter/statuses/1525912022587777024,2022-05-15 18:52:30+00:00
212,Cryptomatxx,"#NFT,#NFTs,#NFTGiveaway,#NFTCommunity,#NFTGiveaways,#NFTProject,#NFTdrop,#NFTcollection,#bitcoin",0,0,0,0,https://twitter.com/twitter/statuses/1525911890777579525,2022-05-15 18:51:59+00:00
213,FreemanDunhill,"#NFTs,#Cryptos,#Eurovision,#NFTCommunity,#NFTGiveaways,#CryptoNews",0,0,0,0,https://twitter.com/twitter/statuses/1525911797303214080,2022-05-15 18:51:37+00:00
214,UnusualEss,,0,0,0,0,https://twitter.com/twitter/statuses/1525911791695429637,2022-05-15 18:51:35+00:00
215,mrtmanjones,,0,0,0,0,https://twitter.com/twitter/statuses/1525911690063319045,2022-05-15 18:51:11+00:00
216,Ibrardidthis,"#NFTCommunity,#NFT,#NFTs,#nftart,#NFTGiveaways",0,0,0,0,https://twitter.com/twitter/statuses/1525911656462569472,2022-05-15 18:51:03+00:00
217,legend_9911,"#nft,#NFTGiveaways,#NFTCommunity",0,0,0,0,https://twitter.com/twitter/statuses/1525911631061929984,2022-05-15 18:50:57+00:00
218,nftuniqqvariant,"#NFTs,#NFTGiveaways,#NFTdrop,#NFTCommunity",0,0,0,0,https://twitter.com/twitter/statuses/1525911527848804352,2022-05-15 18:50:32+00:00
219,jakebalchNFT,"#NFTdrop,#HODLing",0,0,0,0,https://twitter.com/twitter/statuses/1525911475633762305,2022-05-15 18:50:20+00:00
220,BoredApeGangNFT,"#NFTCommunity,#NFTs,#NFTGiveaways,#NFTdrop,#NFTProject",0,0,@BoredApeGangNFT,0,https://twitter.com/twitter/statuses/1525911467421503488,2022-05-15 18:50:18+00:00
221,BoredSourHeads,"#BoredSour,#NFTartist",0,0,0,0,https://twitter.com/twitter/statuses/1525911408696864768,2022-05-15 18:50:04+00:00
222,brunoart_nft,,1,0,0,0,https://twitter.com/twitter/statuses/1525911391864885249,2022-05-15 18:50:00+00:00
223,SureshV_,"#NFTs,#NFTGiveaways,#NFTCommunity,#NFTCommumity",0,0,0,0,https://twitter.com/twitter/statuses/1525911357966938112,2022-05-15 18:49:52+00:00
224,NFTmashriqe,"#NFTCommunity,#NFTs,#NFTGiveaways",0,0,0,0,https://twitter.com/twitter/statuses/1525911050440294400,2022-05-15 18:48:39+00:00
225,BayaaRami,#MentalHealthAwareness,0,0,0,0,https://twitter.com/twitter/statuses/1525911034984386562,2022-05-15 18:48:35+00:00
226,agmxrp,,0,0,0,0,https://twitter.com/twitter/statuses/1525910952138330113,2022-05-15 18:48:15+00:00
227,michalprekop,"#ETH,#NFTGiveaways,#cryptogiveaway,#NFTdrops,#WLGiveaway,#NFTdrop,#NFTartist,#NFT",0,0,0,0,https://twitter.com/twitter/statuses/1525910891430035459,2022-05-15 18:48:01+00:00
228,shysalamanders,,0,0,0,0,https://twitter.com/twitter/statuses/1525910887474728965,2022-05-15 18:48:00+00:00
229,OG_metapunks,"#NFTCommunity,#NFTs,#NFTGiveaways",0,0,0,0,https://twitter.com/twitter/statuses/1525910678556463104,2022-05-15 18:47:10+00:00
230,_Bubbles222,"#litemint,#Stellarfamily,#XLM,#NFTs,#NFTCommunity,#NFTartist",0,0,0,0,https://twitter.com/twitter/statuses/1525910665310916613,2022-05-15 18:47:07+00:00
231,realkennypowell,,0,0,0,0,https://twitter.com/twitter/statuses/1525910659354923008,2022-05-15 18:47:05+00:00
232,ChihuahuaNFT,,0,0,0,0,https://twitter.com/twitter/statuses/1525910631492337664,2022-05-15 18:46:59+00:00
233,cuteaxolotl13,"#NFTCommunity,#NFT",0,0,0,0,https://twitter.com/twitter/statuses/1525910597220585473,2022-05-15 18:46:51+00:00
234,CoolBeezNFT,,0,0,0,0,https://twitter.com/twitter/statuses/1525910592443260928,2022-05-15 18:46:49+00:00
235,NftsTimer,,0,0,0,0,https://twitter.com/twitter/statuses/1525910536466087936,2022-05-15 18:46:36+00:00
236,Javad22015069,,0,0,0,0,https://twitter.com/twitter/statuses/1525910428815183877,2022-05-15 18:46:10+00:00
237,GSalacot,#NFTGiveaways,0,0,0,0,https://twitter.com/twitter/statuses/1525910417486540800,2022-05-15 18:46:08+00:00
238,PolDoodles_,"#NFTCommunity,#NFTGiveaway,#NFTGiveaways",0,0,0,0,https://twitter.com/twitter/statuses/1525910402428706824,2022-05-15 18:46:04+00:00
239,tubbyfriends,#NFTGiveaways,0,0,@tubbyfriends,Tag people,https://twitter.com/twitter/statuses/1525910360749920259,2022-05-15 18:45:54+00:00
240,SRChappell,,0,0,0,0,https://twitter.com/twitter/statuses/1525910314155384832,2022-05-15 18:45:43+00:00
241,DoodlesGameBC,#NFTGiveaway,1,0,0,0,https://twitter.com/twitter/statuses/1525910283776049152,2022-05-15 18:45:36+00:00
242,SAHypeClub,,0,1,0,0,https://twitter.com/twitter/statuses/1525910178390020096,2022-05-15 18:45:11+00:00
243,WoofsNft,,0,1,0,Tag 2 people,https://twitter.com/twitter/statuses/1525910132709806080,2022-05-15 18:45:00+00:00
244,c777williams,"#NFTCommunity,#BAD",0,0,0,0,https://twitter.com/twitter/statuses/1525910054444142594,2022-05-15 18:44:41+00:00
245,brownnn_ish,#NFTs,0,0,0,0,https://twitter.com/twitter/statuses/1525909742761091072,2022-05-15 18:43:27+00:00
246,BoffinSociety,,0,0,0,0,https://twitter.com/twitter/statuses/1525909642248916999,2022-05-15 18:43:03+00:00
247,FreemanDunhill,"#NFTCommunity,#NFTs,#cryptocurrencies,#NFT,#NFTGiveaways,#Eurovision",0,0,0,0,https://twitter.com/twitter/statuses/1525909639732375554,2022-05-15 18:43:02+00:00
248,realkennypowell,,0,0,0,0,https://twitter.com/twitter/statuses/1525909603644362752,2022-05-15 18:42:54+00:00
249,Sparkssss7,,0,0,0,0,https://twitter.com/twitter/statuses/1525909535981961217,2022-05-15 18:42:38+00:00
250,dodosangels,"#avaxeleton,#NFTCommunity,#nft,#NFTs,#NFTGiveaways,#BinanceNFT,#AVAXNFT,#kalao",0,0,0,0,https://twitter.com/twitter/statuses/1525909522157604869,2022-05-15 18:42:34+00:00
251,deloreanapes,,0,0,0,0,https://twitter.com/twitter/statuses/1525909468130721801,2022-05-15 18:42:21+00:00
252,pipermarket,,0,0,0,0,https://twitter.com/twitter/statuses/1525909419871338496,2022-05-15 18:42:10+00:00
253,goodvibezartist,"#NFTCommunity,#NFTs,#NFT",0,0,0,0,https://twitter.com/twitter/statuses/1525909268158943237,2022-05-15 18:41:34+00:00
254,greeck777,"#nft,#NFTCommunity,#NFTGiveaways,#NFTs,#OpenSeaNFT",1,0,0,0,https://twitter.com/twitter/statuses/1525909251738279936,2022-05-15 18:41:30+00:00
255,Pillaz007,"#NFTCommunity,#NFTs,#NFTGiveaways,#NFTProjects,#SolanaNFT",0,0,0,0,https://twitter.com/twitter/statuses/1525909223451807745,2022-05-15 18:41:23+00:00
256,youmeetlucky,"#PlayToEarn,#P2E",0,0,0,0,https://twitter.com/twitter/statuses/1525909129931685888,2022-05-15 18:41:01+00:00
257,cesiannft,"#NFT,#NFTCommunity,#NFTs,#NFTGiveaways,#nftart,#NFTProjects",0,0,0,0,https://twitter.com/twitter/statuses/1525909123409272835,2022-05-15 18:40:59+00:00
258,D1Hedznft,,0,0,0,0,https://twitter.com/twitter/statuses/1525909049367207938,2022-05-15 18:40:42+00:00
259,CapsNFT3,,0,0,0,0,https://twitter.com/twitter/statuses/1525909004647645185,2022-05-15 18:40:31+00:00
260,EFitzenposse,,0,0,0,0,https://twitter.com/twitter/statuses/1525908794567446532,2022-05-15 18:39:41+00:00
261,Meri36602113,,1,0,0,0,https://twitter.com/twitter/statuses/1525908754205708294,2022-05-15 18:39:31+00:00
262,migi_setyoadi,,0,0,0,0,https://twitter.com/twitter/statuses/1525908742339821568,2022-05-15 18:39:28+00:00
263,NfTens,,0,0,0,0,https://twitter.com/twitter/statuses/1525908624232656896,2022-05-15 18:39:00+00:00
264,_Peprul_,"#MATIC,#ETH",0,1,@_Peprul_,Tag people,https://twitter.com/twitter/statuses/1525908540526927878,2022-05-15 18:38:40+00:00
265,aibotnft,"#NFTdrop,#NFTs,#NFTCommunity,#lunacoin,#nftart,#NFTartist,#NFTGiveaways",0,0,0,0,https://twitter.com/twitter/statuses/1525908515700854785,2022-05-15 18:38:34+00:00
266,DevTwittee,"#CNP,#NFTGiveaway,#Giveaway,#NFT,#NFTJapan",0,0,0,0,https://twitter.com/twitter/statuses/1525908059633029120,2022-05-15 18:36:46+00:00
267,WaldosLegend,,0,0,0,0,https://twitter.com/twitter/statuses/1525908023276969987,2022-05-15 18:36:37+00:00
268,CryptolunnaNFT,"#nft,#NFTCommunity,#NFTGiveaways,#NFTProjects,#nftlife,#nftsoul,#lovenft",0,0,0,0,https://twitter.com/twitter/statuses/1525907984685178880,2022-05-15 18:36:28+00:00
269,KIRIBASSjp,"#NFT,#NFTs,#NFTCommunity,#NFTGiveaways",0,0,0,0,https://twitter.com/twitter/statuses/1525907982340726784,2022-05-15 18:36:27+00:00
270,Effectual_Obi,"#nftart,#NFTGiveaways,#nftd,#nftcollector,#NFTcollectibles,#NFTProjects",0,0,0,0,https://twitter.com/twitter/statuses/1525907923704111104,2022-05-15 18:36:13+00:00
271,unrulynftarts,,0,0,0,0,https://twitter.com/twitter/statuses/1525907552046927875,2022-05-15 18:34:45+00:00
272,RadekSmachNFT,,0,0,0,0,https://twitter.com/twitter/statuses/1525907534535696390,2022-05-15 18:34:40+00:00
273,MC6365,"#flyingpenguin,#flying_penguin,#nft,#NFTs,#NFTGiveaways,#NFTGiveaway,#NFTProject",0,0,0,0,https://twitter.com/twitter/statuses/1525907353832460288,2022-05-15 18:33:57+00:00
274,JPipo86,#veggies,0,0,0,0,https://twitter.com/twitter/statuses/1525907307359510528,2022-05-15 18:33:46+00:00
275,MC6365,"#flyingpenguin,#flying_penguin,#nft,#NFTs,#NFTGiveaways,#NFTGiveaway,#NFTProject,#NFTartist",0,0,0,0,https://twitter.com/twitter/statuses/1525907250480562177,2022-05-15 18:33:33+00:00
276,FrostiesNFTsBot,#NFT,0,0,0,0,https://twitter.com/twitter/statuses/1525907216800403456,2022-05-15 18:33:25+00:00
277,Pillaz007,"#NFTCommunity,#NFTs,#NFTGiveaways,#NFTProjects,#SolanaNFT",0,0,0,0,https://twitter.com/twitter/statuses/1525907194302046208,2022-05-15 18:33:19+00:00
278,MC6365,"#flyingpenguin,#flying_penguin,#nft,#NFTs,#NFTGiveaways,#NFTGiveaway,#NFTProject",0,0,0,0,https://twitter.com/twitter/statuses/1525907193698168832,2022-05-15 18:33:19+00:00
279,ZelenskyPeace,"#NFTCollection,#NFTartist,#nftart,#NFTProject,#NFTCommumity,#mint,#NFTGiveaways",0,0,0,0,https://twitter.com/twitter/statuses/1525907004962881537,2022-05-15 18:32:34+00:00
280,supremayes,,1,1,@supremayes,0,https://twitter.com/twitter/statuses/1525906932615241735,2022-05-15 18:32:17+00:00
281,PixelCars_NFTs,"#nft,#nftart,#nfts,#nftcollector,#nftcommunity,#cryptoart,#digitalart,#art",0,0,0,0,https://twitter.com/twitter/statuses/1525906783243538433,2022-05-15 18:31:41+00:00
282,G_Gui__,"#Cryptos,#LUNA,#BTC,#ETH,#NFTGiveaways,#NFTshill,#NFTCommunity,#Cryptos",0,0,0,0,https://twitter.com/twitter/statuses/1525906696194990085,2022-05-15 18:31:21+00:00
283,SCARFACE_SHINO,"#garyvee,#VeeFriends,#VeeFriendsSeries2",0,0,0,0,https://twitter.com/twitter/statuses/1525906656432881664,2022-05-15 18:31:11+00:00
284,iotamorons,"#NFTGiveaways,#NFT",0,0,0,0,https://twitter.com/twitter/statuses/1525906647163584513,2022-05-15 18:31:09+00:00
285,ALCHEMISTBOYS,,0,0,0,0,https://twitter.com/twitter/statuses/1525906570999222273,2022-05-15 18:30:51+00:00
286,MValizadeh1996,"#nft,#NFTartists",0,0,0,0,https://twitter.com/twitter/statuses/1525906554507108353,2022-05-15 18:30:47+00:00
287,48YearsOfTravel,"#NFTs,#NFTCommunity,#NFTGiveaways,#NFT,#nftart",0,0,0,0,https://twitter.com/twitter/statuses/1525906551805976577,2022-05-15 18:30:46+00:00
288,zkanola6141,"#NFTCommunity,#NFTs,#opensea,#NFTGiveaways,#news,#NFTProjects,#creatorclash,#NFTshill,#NFTdrop,#NFTsales",0,0,0,0,https://twitter.com/twitter/statuses/1525906508542021632,2022-05-15 18:30:36+00:00
289,SENDYOURNFT,,0,0,0,0,https://twitter.com/twitter/statuses/1525906386965540864,2022-05-15 18:30:07+00:00
290,ArtbyMSH,"#NFT,#NFTCommunity,#NFTGiveaways,#tezos,#NFTs,#NFTCollection,#nftartgallery",0,0,0,0,https://twitter.com/twitter/statuses/1525906365843181573,2022-05-15 18:30:02+00:00
291,nftbuzztoday,,0,0,0,0,https://twitter.com/twitter/statuses/1525906357844488192,2022-05-15 18:30:00+00:00
292,metaplanetaries,,0,0,0,0,https://twitter.com/twitter/statuses/1525906313695440896,2022-05-15 18:29:49+00:00
293,TheNathis,"#NFTCommunity,#NFTs,#NFTGiveaways,#ETH,#Etherum",0,0,0,0,https://twitter.com/twitter/statuses/1525906146523066370,2022-05-15 18:29:09+00:00
294,HelyonNFT,"#NFT,#ETH",1,1,@HelyonNFT,0,https://twitter.com/twitter/statuses/1525905899524698112,2022-05-15 18:28:11+00:00
295,Dropdeadly_ada,"#Junkies,#CNFTdrop,#NFTs",0,0,0,0,https://twitter.com/twitter/statuses/1525905799612092417,2022-05-15 18:27:47+00:00
296,cryptonfti,,0,0,0,0,https://twitter.com/twitter/statuses/1525905797250695168,2022-05-15 18:27:46+00:00
297,AvaceRestore,"#NFTCommunity,#NFT,#NFTs,#NFTGiveaways,#NFTdrop",0,0,0,0,https://twitter.com/twitter/statuses/1525905777181040640,2022-05-15 18:27:41+00:00
298,IotaNigeria,#IOTA,0,0,0,0,https://twitter.com/twitter/statuses/1525905751167979521,2022-05-15 18:27:35+00:00
299,shillincustoms,,1,0,0,0,https://twitter.com/twitter/statuses/1525905751075586048,2022-05-15 18:27:35+00:00
300,FantasyBeachNFT,"#NFTs,#NFT,#nftart,#NFTartist,#nftcommunity,#NFTGiveaways,#magiceden",0,0,0,0,https://twitter.com/twitter/statuses/1525905740329672704,2022-05-15 18:27:33+00:00
301,TDC_eth,,0,0,0,0,https://twitter.com/twitter/statuses/1525905647317012481,2022-05-15 18:27:10+00:00
302,Mr_JFigueiredo,"#nfts,#nft,#photoshop,#lightroom,#NFTCommunity",0,0,0,0,https://twitter.com/twitter/statuses/1525905533055680513,2022-05-15 18:26:43+00:00
303,AureliNft,,0,0,0,0,https://twitter.com/twitter/statuses/1525905472573911040,2022-05-15 18:26:29+00:00
304,Uzziimemon,"#OnePlus,#Oneplus7pro,#shotononeplus",0,0,0,0,https://twitter.com/twitter/statuses/1525905408170278913,2022-05-15 18:26:13+00:00
305,terrificturt01,,0,0,0,0,https://twitter.com/twitter/statuses/1525905350758748163,2022-05-15 18:26:00+00:00
306,VeggieMatesNFT,,0,0,0,0,https://twitter.com/twitter/statuses/1525905272845176832,2022-05-15 18:25:41+00:00
307,SamuraiwordsNFT,"#NFT,#NFTs,#NFTJPN,#NFTMarketplace,#NFT宣伝枠,#NFTGiveaways",0,0,0,0,https://twitter.com/twitter/statuses/1525905245544783872,2022-05-15 18:25:35+00:00
308,GrumpyHeckler,"#NFT,#NFTs",0,0,0,0,https://twitter.com/twitter/statuses/1525905224732377089,2022-05-15 18:25:30+00:00
309,Uzziimemon,"#OnePlus,#Oneplus7pro,#shotononeplus",0,0,0,0,https://twitter.com/twitter/statuses/1525905220391383041,2022-05-15 18:25:29+00:00
310,Uzziimemon,"#OnePlus,#Oneplus7pro,#shotononeplus,#moon,#NATO",0,0,0,0,https://twitter.com/twitter/statuses/1525905081014558721,2022-05-15 18:24:55+00:00
311,Aslam4590Aslam,"#OpenSeaNFT,#openseanfts",0,0,0,0,https://twitter.com/twitter/statuses/1525904950408388609,2022-05-15 18:24:24+00:00
312,Uzziimemon,"#OnePlus,#Oneplus7pro,#shotononeplus,#moon,#NATO",0,0,0,0,https://twitter.com/twitter/statuses/1525904916425973762,2022-05-15 18:24:16+00:00
313,realkennypowell,"#Video,#Marvel,#NFTCommunity",0,0,0,0,https://twitter.com/twitter/statuses/1525904897308143621,2022-05-15 18:24:12+00:00
314,Mr_Vich_Uk,"#ATSNFT,#nft,#nfts,#nftart,#nftcollectors,#NFTcollection,#NFTcollectibles",0,0,0,0,https://twitter.com/twitter/statuses/1525904883538444291,2022-05-15 18:24:08+00:00
315,BTC_Drop,#hyped,0,0,0,0,https://twitter.com/twitter/statuses/1525904624057819142,2022-05-15 18:23:06+00:00
316,tinyfoxesnft,"#FreeMint,#freenftdrop,#nft,#freenft,#NFTGiveaways,#cryptoart",0,0,0,0,https://twitter.com/twitter/statuses/1525904340417974273,2022-05-15 18:21:59+00:00
317,SolarSystemAdmi,,0,0,0,0,https://twitter.com/twitter/statuses/1525904307182346240,2022-05-15 18:21:51+00:00
318,Wolfpack_Ali,"#NFT,#NFTs,#NFTdrop,#NFTGiveaways,#nftart,#NFTCommunity,#NFTMint",0,0,0,0,https://twitter.com/twitter/statuses/1525904257387487232,2022-05-15 18:21:39+00:00
319,bobu_the_farmer,"#NFT,#ETH",0,1,0,0,https://twitter.com/twitter/statuses/1525904103649554432,2022-05-15 18:21:02+00:00
320,Fancy_Mishka,"#NFT,#FancyMishkaNFT,#nftart,#NFTartist,#crypto,#Binance",0,0,0,0,https://twitter.com/twitter/statuses/1525904058892025856,2022-05-15 18:20:52+00:00
321,doodybuddy,"#NFT,#NFTGiveaways,#NFTdrop,#nftcollector,#NFTProjects,#PolygonNFTs",0,0,0,0,https://twitter.com/twitter/statuses/1525903761574600712,2022-05-15 18:19:41+00:00
322,OliensNFT,,0,0,0,0,https://twitter.com/twitter/statuses/1525903676476379144,2022-05-15 18:19:21+00:00
323,Mztizo,#Coinbase_NFT,0,0,0,0,https://twitter.com/twitter/statuses/1525903564408750086,2022-05-15 18:18:54+00:00
324,RedPanda_Rescue,,0,0,0,0,https://twitter.com/twitter/statuses/1525903532976746497,2022-05-15 18:18:46+00:00
325,metastartstream,,1,0,0,0,https://twitter.com/twitter/statuses/1525903520247037953,2022-05-15 18:18:43+00:00
326,CrazyFungiClub,"#mft,#NFTCommunity,#NFTGiveaways,#nftcollectors,#NFTProjects,#nftlover",0,1,0,0,https://twitter.com/twitter/statuses/1525903487355064321,2022-05-15 18:18:35+00:00
327,travelingcooki1,"#TSA,#ProhibitedItems",0,0,0,0,https://twitter.com/twitter/statuses/1525903337752698880,2022-05-15 18:18:00+00:00
328,shysalamanders,,0,0,0,0,https://twitter.com/twitter/statuses/1525903278780948486,2022-05-15 18:17:46+00:00
329,artificNFT,"#NFTCommunity,#nftlover,#NFTGiveaways",0,0,0,0,https://twitter.com/twitter/statuses/1525903210392784901,2022-05-15 18:17:29+00:00
330,_NO_TANKS_,"#NFT,#NFTs",0,0,0,0,https://twitter.com/twitter/statuses/1525903164771377154,2022-05-15 18:17:19+00:00
331,WorldFlagRaces,"#NFTCommunity,#NFTs,#NFTGiveaways,#NFTGiveaway,#nftart,#NFTProject,#NFTdrops,#NFTdrop,#game,#GameFi,#PlayToEarn",0,0,0,0,https://twitter.com/twitter/statuses/1525903136015237126,2022-05-15 18:17:12+00:00
332,TiTs_JaCkEd,"#WICKEDMFERS,#NFT,#CREYZIES,#GIVEAWAY",0,0,0,0,https://twitter.com/twitter/statuses/1525903087432523782,2022-05-15 18:17:00+00:00
333,studiodawgz,,0,0,0,0,https://twitter.com/twitter/statuses/1525902947242037249,2022-05-15 18:16:27+00:00
334,Godrickcreation,"#NFTCommunity,#NFTs,#NFTGiveaways,#NFTCommmunity",0,0,0,0,https://twitter.com/twitter/statuses/1525902921120075776,2022-05-15 18:16:20+00:00
335,NFTSkeletos,#NFTCommunity,0,0,0,0,https://twitter.com/twitter/statuses/1525902917709996033,2022-05-15 18:16:20+00:00
336,juanjosemelani1,"#NFTCommunity,#NFTs,#NFTartist,#NFTCollection,#NFTGiveaways,#NFTdrop,#NFTProject",0,0,0,0,https://twitter.com/twitter/statuses/1525902840778072067,2022-05-15 18:16:01+00:00
337,NFTGall29838780,"#NFTartist,#NFTs,#NFTcollections,#NFTCommunity,#NFTGiveaways",0,0,0,0,https://twitter.com/twitter/statuses/1525902746771402752,2022-05-15 18:15:39+00:00
338,The_Homies_NFT,,0,0,0,0,https://twitter.com/twitter/statuses/1525902744762126336,2022-05-15 18:15:38+00:00
339,RedPanda_Rescue,,0,0,0,0,https://twitter.com/twitter/statuses/1525902702974312448,2022-05-15 18:15:28+00:00
340,Kay89333191,,0,0,0,0,https://twitter.com/twitter/statuses/1525902640692985859,2022-05-15 18:15:14+00:00
341,nftnba2022,"#NFTCommunity,#NFT,#NFTs,#NFTGiveaways,#NBA,#NBA2K22,#Money,#willyrex",0,0,0,0,https://twitter.com/twitter/statuses/1525902431145566209,2022-05-15 18:14:24+00:00
342,SuanMoony,"#NFTCommunity,#NFTs,#NFTGiveaways,#nftart",0,0,0,0,https://twitter.com/twitter/statuses/1525902281702576130,2022-05-15 18:13:48+00:00
343,Gamersinfotech1,"#NFTCommunity,#NFTs,#NFTGiveaways,#NFTdrop",0,0,0,0,https://twitter.com/twitter/statuses/1525902273120976898,2022-05-15 18:13:46+00:00
344,calligrator,"#NFT,#NFTs,#NFTCommunity,#NFTGiveaways,#nftart",0,0,0,0,https://twitter.com/twitter/statuses/1525902140274794496,2022-05-15 18:13:14+00:00
345,project_mandy,,0,0,0,0,https://twitter.com/twitter/statuses/1525902085191090177,2022-05-15 18:13:01+00:00
346,mrshl_character,,0,0,0,0,https://twitter.com/twitter/statuses/1525901956274786304,2022-05-15 18:12:30+00:00
347,art_os_nft,#NFT,1,1,@art_os_nft,0,https://twitter.com/twitter/statuses/1525901951388602368,2022-05-15 18:12:29+00:00
348,ftihsv,"#NFTCommunity,#NFT,#NFTs,#NFTGiveaways",0,0,0,0,https://twitter.com/twitter/statuses/1525901918610116609,2022-05-15 18:12:21+00:00
349,00sopino00,"#NFTCommunity,#NFTs,#NFT,#NFTGiveaways,#NFTProject,#NFTdrop,#NFTartists,#NFTartwork,#nftcollector",0,0,0,0,https://twitter.com/twitter/statuses/1525901882648154113,2022-05-15 18:12:13+00:00
350,BarsanaMohit,,0,0,0,0,https://twitter.com/twitter/statuses/1525901849676726273,2022-05-15 18:12:05+00:00
351,satishd70565578,,0,0,0,0,https://twitter.com/twitter/statuses/1525901834874933250,2022-05-15 18:12:01+00:00
352,ykpsyk,#NFTCommunity,1,0,0,Tag people,https://twitter.com/twitter/statuses/1525901824288497665,2022-05-15 18:11:59+00:00
353,Ajayrai69529104,,0,0,0,0,https://twitter.com/twitter/statuses/1525901819888783360,2022-05-15 18:11:58+00:00
354,Senthil90008,,0,0,0,0,https://twitter.com/twitter/statuses/1525901815480569857,2022-05-15 18:11:57+00:00
355,call2sangeet,,0,0,0,0,https://twitter.com/twitter/statuses/1525901785604534273,2022-05-15 18:11:50+00:00
356,OS_nft,#NFT,1,1,@OS_nft,0,https://twitter.com/twitter/statuses/1525901785335996417,2022-05-15 18:11:50+00:00
357,UndeadSolsWW,"#Undeadsols,#EXPOSURE,#NFTGiveaways",0,0,0,0,https://twitter.com/twitter/statuses/1525901737835511808,2022-05-15 18:11:38+00:00
358,Mr_JFigueiredo,"#nfts,#nft,#photoshop,#lightroom",1,0,0,0,https://twitter.com/twitter/statuses/1525901729891553281,2022-05-15 18:11:36+00:00
359,zkanola6141,"#NFTCommunity,#NFTs,#NFTGiveaways,#news,#BTC,#ETH",0,0,0,0,https://twitter.com/twitter/statuses/1525901705052835843,2022-05-15 18:11:31+00:00
360,tinyfoxesnft,"#FreeNFT,#mintnow,#FreeMint,#NFTGiveaways",0,0,0,0,https://twitter.com/twitter/statuses/1525901633955168262,2022-05-15 18:11:14+00:00
361,travelingcooki1,"#Wheelchair,#USA,#NYC",0,0,0,0,https://twitter.com/twitter/statuses/1525901576375660544,2022-05-15 18:11:00+00:00
362,CryptoByers,#NFTAirdrops,0,0,0,0,https://twitter.com/twitter/statuses/1525901557333630976,2022-05-15 18:10:55+00:00
363,kupcov_an,"#NFT,#NFTCommunity,#NFTs,#NFTGiveaways",0,0,0,0,https://twitter.com/twitter/statuses/1525901411732672512,2022-05-15 18:10:21+00:00
364,lakshaybajaj636,"#NFTs,#cryptocurrencies,#NFTGiveaways,#Cryptos",0,0,0,0,https://twitter.com/twitter/statuses/1525901400299175936,2022-05-15 18:10:18+00:00
365,ambuj012,"#NFTgiveaway,#NFTGiveaways,#NFTCommmunity,#NFTs,#NFTMint,#NFT,#BSCGems,#bnb,#altcoins,#pump",0,0,0,0,https://twitter.com/twitter/statuses/1525901310658154496,2022-05-15 18:09:56+00:00
366,AakashC18761315,"#NFTgiveaway,#NFTGiveaways,#NFTCommmunity,#NFTs,#NFTMint,#NFT,#BSCGems,#bnb,#altcoins,#pump",0,0,0,0,https://twitter.com/twitter/statuses/1525901276428611585,2022-05-15 18:09:48+00:00
367,ItisOonn,"#NFTgiveaway,#NFTGiveaways,#NFTCommmunity,#NFTs,#NFTMint,#NFT,#BSCGems,#bnb,#altcoins,#pump",0,0,0,0,https://twitter.com/twitter/statuses/1525901200692023296,2022-05-15 18:09:30+00:00
368,SpaceMo72516935,"#nfts,#nftcommunity,#solana,#sol,#solarts,#nftism",0,0,0,0,https://twitter.com/twitter/statuses/1525901046098251776,2022-05-15 18:08:53+00:00
369,TWEFamily,"#Bees,#NFTs",0,0,0,0,https://twitter.com/twitter/statuses/1525900947096055810,2022-05-15 18:08:30+00:00
370,AliAlperTiryaki,"#NFT,#NFTGiveaways,#Nfts",0,0,0,0,https://twitter.com/twitter/statuses/1525900828204310532,2022-05-15 18:08:01+00:00
371,Jovial023,"#NFT,#NFTs,#NFTCommunity,#NFTGiveaways",0,0,0,0,https://twitter.com/twitter/statuses/1525900822705590273,2022-05-15 18:08:00+00:00
372,NoelJudd4,"#NFTs,#pfpNFT,#pft,#moonbirds,#azuki,#BAYC,#NFTGiveaways,#NFTdrops",0,0,0,0,https://twitter.com/twitter/statuses/1525900618631680001,2022-05-15 18:07:12+00:00
373,GiraffesCrypto,"#NFTGiveaway,#NFT",1,0,0,0,https://twitter.com/twitter/statuses/1525900599115620353,2022-05-15 18:07:07+00:00
374,nftsvipclub,"#NFTCommunity,#NFTs,#NFTGiveaways,#NFTdrop",0,0,['@nftsvipclub'],0,https://twitter.com/twitter/statuses/1525900481058459649,2022-05-15 18:06:39+00:00
375,Frostisso,,1,1,0,0,https://twitter.com/twitter/statuses/1525900466768318464,2022-05-15 18:06:35+00:00
376,Xbox360NFTs,"#nftcolletor,#Eurovision,#famemma14,#NFT,#NFTGiveaways,#NFTshill,#NFTs",0,0,@Xbox360NFTs,0,https://twitter.com/twitter/statuses/1525900400083275778,2022-05-15 18:06:19+00:00
377,DevTwittee,"#CNP,#Giveaway,#NFTGiveaway,#NFT,#NFTJapan",0,0,0,0,https://twitter.com/twitter/statuses/1525900363747864576,2022-05-15 18:06:11+00:00
378,bernd_reich,"#NFTCommunity,#nftcollector,#nftartist,#nftart,#NFTProject,#NFTGiveaways,#NFTs,#NFTdrop",0,0,0,0,https://twitter.com/twitter/statuses/1525900347218141184,2022-05-15 18:06:07+00:00
379,HashKitties,#NFTGiveaways,0,0,0,0,https://twitter.com/twitter/statuses/1525900341614522370,2022-05-15 18:06:05+00:00
380,Ibrardidthis,"#NFTCommunity,#NFT,#NFTs,#NFTGiveaways",0,0,0,0,https://twitter.com/twitter/statuses/1525900334689931265,2022-05-15 18:06:04+00:00
381,PattiDowne,#BNB,0,0,0,0,https://twitter.com/twitter/statuses/1525900311705026566,2022-05-15 18:05:58+00:00
382,roililoff,"#NFTCommunity,#NFT,#NFTGiveaways",1,1,@roililoff,0,https://twitter.com/twitter/statuses/1525900113620631553,2022-05-15 18:05:11+00:00
383,skulledzNFT,"#NFTCommunity,#NFTGiveaways,#NFTs,#NFTdrop",0,0,0,0,https://twitter.com/twitter/statuses/1525900069387522048,2022-05-15 18:05:01+00:00
384,LeonForr3st,#NFTGiveaways,1,1,@LeonForr3st,0,https://twitter.com/twitter/statuses/1525899821214748673,2022-05-15 18:04:01+00:00
385,BoredSourHeads,"#Yoda,#Master,#Jedi,#BoredSour",0,0,0,0,https://twitter.com/twitter/statuses/1525899686397231105,2022-05-15 18:03:29+00:00
386,SndwchBrosNFT,,0,0,0,0,https://twitter.com/twitter/statuses/1525899661713805315,2022-05-15 18:03:23+00:00
387,YRL_SolanaPapi,"#BuytheDip,#SolanaSummer,#SOL",0,0,0,0,https://twitter.com/twitter/statuses/1525899540678705156,2022-05-15 18:02:54+00:00
388,JustCool5159,"#Move2Earn,#M2E,#Metaverse,#Airdrops,#Airdrop",0,0,0,0,https://twitter.com/twitter/statuses/1525899459494035456,2022-05-15 18:02:35+00:00
389,KdaAstronaut,"#NFT,#NFTGiveaways,#NFTGiveaway,#NFTCommunity,#NFTProjects",0,0,['@AI_Garl'],0,https://twitter.com/twitter/statuses/1525899449024798729,2022-05-15 18:02:33+00:00
390,Doomed_digital,,0,0,0,0,https://twitter.com/twitter/statuses/1525899382863929344,2022-05-15 18:02:17+00:00
391,00sopino00,"#NFTCommunity,#NFTs,#NFT,#NFTGiveaways,#NFTProject,#NFTdrop,#NFTartists,#NFTartwork,#nftcollector",0,0,0,0,https://twitter.com/twitter/statuses/1525899337066336258,2022-05-15 18:02:06+00:00
392,OfficialCrip,,0,0,0,0,https://twitter.com/twitter/statuses/1525899317269102592,2022-05-15 18:02:01+00:00
393,ZorbzWorld,"#NFTCommunity,#NFTs,#NFTshill,#NFTGiveaways",0,0,0,0,https://twitter.com/twitter/statuses/1525899291818086401,2022-05-15 18:01:55+00:00
394,volkanayvaz,"#NFT,#basketball,#NFTCommunity,#NFTProjects,#NFTGiveaways,#NFTs",0,0,0,0,https://twitter.com/twitter/statuses/1525899282766766082,2022-05-15 18:01:53+00:00
395,DevTwittee,"#NFTGiveaway,#ninjart,#CNP,#NFT,#NFTJapan",0,0,0,0,https://twitter.com/twitter/statuses/1525899189783121920,2022-05-15 18:01:31+00:00
396,CryptoPoops_NFT,"#NFTCommunity,#NFT,#NFTs,#NFTGiveaways,#NFTdrop,#Meme",0,0,0,0,https://twitter.com/twitter/statuses/1525899097995108353,2022-05-15 18:01:09+00:00
397,OfficialScoutX,,0,0,0,0,https://twitter.com/twitter/statuses/1525899022640500736,2022-05-15 18:00:51+00:00
398,Bearded_Rob_NFT,,0,0,0,0,https://twitter.com/twitter/statuses/1525898813306593280,2022-05-15 18:00:01+00:00
399,MySkinNFT,,0,0,0,0,https://twitter.com/twitter/statuses/1525898810920255490,2022-05-15 18:00:01+00:00
400,blacksquare_art,"#NFTGiveaways,#NFTCommunity,#NFT,#Freemint",0,0,0,0,https://twitter.com/twitter/statuses/1525898808927825921,2022-05-15 18:00:00+00:00
401,TheInsaneArt,"#NFTGiveaways,#NFT,#KingdomofExoma,#DiamondDragon",0,0,0,0,https://twitter.com/twitter/statuses/1525898698722525185,2022-05-15 17:59:34+00:00
402,DevTwittee,"#CNP,#NFTGiveaway,#NFT,#NFTJapan,#Ethereum",0,0,0,0,https://twitter.com/twitter/statuses/1525898570460561408,2022-05-15 17:59:03+00:00
403,TalesotCrypto,,0,0,0,0,https://twitter.com/twitter/statuses/1525898413761601536,2022-05-15 17:58:26+00:00
404,TinyClub4,"#NFTs,#NFT,#NFTCommunity,#nftcollector",0,0,0,0,https://twitter.com/twitter/statuses/1525898406664802312,2022-05-15 17:58:24+00:00
405,FalafelMeta,"#NFTGiveaways,#WAXFAM",0,0,0,0,https://twitter.com/twitter/statuses/1525898402927607812,2022-05-15 17:58:23+00:00
406,CryptoPoops_NFT,,0,0,0,0,https://twitter.com/twitter/statuses/1525898334732697600,2022-05-15 17:58:07+00:00
407,Frostisso,,1,1,0,0,https://twitter.com/twitter/statuses/1525898312573849601,2022-05-15 17:58:02+00:00
408,MiddyaForhad,,0,0,0,0,https://twitter.com/twitter/statuses/1525898186304409601,2022-05-15 17:57:32+00:00
409,nb4NFT,,0,0,0,0,https://twitter.com/twitter/statuses/1525898141400240128,2022-05-15 17:57:21+00:00
410,AnimasAllegras,"#NFTCommunity,#NFTs,#NFTGiveaways,#nft",0,0,0,0,https://twitter.com/twitter/statuses/1525898125927383041,2022-05-15 17:57:17+00:00
411,HarwalkarRaj,"#NFT,#NFTCommunity,#NFTs,#NFTGiveaways",0,0,0,0,https://twitter.com/twitter/statuses/1525898118310596610,2022-05-15 17:57:15+00:00
412,viralkingdom_,#NFT,1,1,@viralkingdom_,0,https://twitter.com/twitter/statuses/1525898112824315904,2022-05-15 17:57:14+00:00
413,Vijayth04525259,"#NFT,#NFTCommunity,#NFTs,#NFTGiveaways",0,0,0,0,https://twitter.com/twitter/statuses/1525898092784062465,2022-05-15 17:57:09+00:00
414,IMRANKH79281382,"#NFT,#NFTCommunity,#NFTs,#NFTGiveaways",0,0,0,0,https://twitter.com/twitter/statuses/1525898087574773760,2022-05-15 17:57:08+00:00
415,Manish03571837,"#NFT,#NFTCommunity,#NFTs,#NFTGiveaways",0,0,0,0,https://twitter.com/twitter/statuses/1525898077919449092,2022-05-15 17:57:06+00:00
416,Harshsa23417965,"#NFT,#NFTCommunity,#NFTs,#NFTGiveaways",0,0,0,0,https://twitter.com/twitter/statuses/1525898068608049152,2022-05-15 17:57:04+00:00
417,anilchungada,"#NFT,#NFTCommunity,#NFTs,#NFTGiveaways",0,0,0,0,https://twitter.com/twitter/statuses/1525898058843799553,2022-05-15 17:57:01+00:00
418,nftloverr_eth,"#NFT,#NFTCommunity,#NFTs,#NFTGiveaways",0,0,0,0,https://twitter.com/twitter/statuses/1525898014660894722,2022-05-15 17:56:51+00:00
419,drond4185,"#Giveaway,#NFTGiveaway,#NFTGiveaways,#NFT,#NFTs",0,0,0,0,https://twitter.com/twitter/statuses/1525898009371877378,2022-05-15 17:56:49+00:00
420,FlowerGuyss,"#NFTCommunity,#NFT,#NFTs,#NFTGiveaways,#NFTdrop,#NFTProjects",0,0,0,0,https://twitter.com/twitter/statuses/1525897947241754625,2022-05-15 17:56:35+00:00
421,MYC_NFT,,0,0,0,0,https://twitter.com/twitter/statuses/1525897893433028608,2022-05-15 17:56:22+00:00
422,kupcov_an,"#NFT,#NFTCommunity,#NFTs",0,0,@kupcov_an,0,https://twitter.com/twitter/statuses/1525897847736000512,2022-05-15 17:56:11+00:00
423,SENDYOURNFT,"#NFTCommunity,#NFTGiveaways,#NFT",0,0,0,0,https://twitter.com/twitter/statuses/1525897818828726273,2022-05-15 17:56:04+00:00
424,AI_Garl,,0,0,0,0,https://twitter.com/twitter/statuses/1525897798595530752,2022-05-15 17:55:59+00:00
425,DevTwittee,"#NFT,#NFTJapan,#Ethereum,#Polygon,#OpeanSea,#OpenSeaNTF",0,0,0,0,https://twitter.com/twitter/statuses/1525897761366806528,2022-05-15 17:55:50+00:00
426,FatSpaceNFT,"#FatSpace,#Polygon,#NFTs,#NFTCommunity",0,0,0,0,https://twitter.com/twitter/statuses/1525897652327616519,2022-05-15 17:55:24+00:00
427,WFellaz,,0,0,@WFellaz,0,https://twitter.com/twitter/statuses/1525897549235863552,2022-05-15 17:55:00+00:00
428,CourtOfThForest,,0,0,0,0,https://twitter.com/twitter/statuses/1525897467056689152,2022-05-15 17:54:40+00:00
429,RedPanda_Rescue,,0,1,@RedPanda_Rescue,0,https://twitter.com/twitter/statuses/1525897445300912128,2022-05-15 17:54:35+00:00
430,RareBears432,"#nft,#solana,#NFTCommunity,#NFTGiveaways,#nftart,#nftdrop,#SolanaNFTDrop,#SolanaNFTs",0,0,0,0,https://twitter.com/twitter/statuses/1525897419954733057,2022-05-15 17:54:29+00:00
431,Wolfpack_Ali,"#NFTMint,#NFT,#NFTs,#NFTdrop,#NFTGiveaways,#nftart,#NFTCommunity",0,0,0,0,https://twitter.com/twitter/statuses/1525897276773875712,2022-05-15 17:53:55+00:00
432,My_Collectables,,0,0,0,0,https://twitter.com/twitter/statuses/1525897233152913408,2022-05-15 17:53:44+00:00
433,1993Razor1993,,0,0,0,0,https://twitter.com/twitter/statuses/1525897184893345792,2022-05-15 17:53:33+00:00
434,DigtlBadassClub,,0,0,0,0,https://twitter.com/twitter/statuses/1525897149631832065,2022-05-15 17:53:24+00:00
435,mintnft_tools,,0,0,0,0,https://twitter.com/twitter/statuses/1525897046221279244,2022-05-15 17:53:00+00:00
436,josuenfts2,,0,0,0,0,https://twitter.com/twitter/statuses/1525897021709852672,2022-05-15 17:52:54+00:00
437,cryptocuntrency,"#BTC,#creatorclash,#LUNA,#ETH",1,0,0,0,https://twitter.com/twitter/statuses/1525896878793048067,2022-05-15 17:52:20+00:00
438,1993Razor1993,,0,0,0,0,https://twitter.com/twitter/statuses/1525896877530652685,2022-05-15 17:52:20+00:00
439,DreamHuntersNFT,,0,0,0,0,https://twitter.com/twitter/statuses/1525896817476800512,2022-05-15 17:52:05+00:00
440,nftinos,#NFTGiveaways,0,0,0,0,https://twitter.com/twitter/statuses/1525896741639299073,2022-05-15 17:51:47+00:00
441,wazangNFT,"#nft,#nfts,#NFTCommmunity,#NFTGiveaway,#NFTGiveaways,#nftcollectors,#NFTcollections",0,0,0,0,https://twitter.com/twitter/statuses/1525896717907988480,2022-05-15 17:51:41+00:00
442,abiodunmoses81,"#NFTCommunity,#NFTs,#NFTGiveaways,#Artwork,#Creativity",0,0,0,0,https://twitter.com/twitter/statuses/1525896699583004673,2022-05-15 17:51:37+00:00
443,DevTwittee,"#CNP,#NFTGiveaway,#NFT,#NFTJapan,#Ethereum",0,0,0,0,https://twitter.com/twitter/statuses/1525896575381188609,2022-05-15 17:51:08+00:00
444,1993Razor1993,,0,0,0,0,https://twitter.com/twitter/statuses/1525896567936503809,2022-05-15 17:51:06+00:00
445,TLGbuluc,#OpenSeaNFT,0,0,0,0,https://twitter.com/twitter/statuses/1525896470150496263,2022-05-15 17:50:42+00:00
446,neda_nft_,"#NFTCommunity,#NFTGiveaways,#nftdigital",0,0,0,0,https://twitter.com/twitter/statuses/1525896464798474242,2022-05-15 17:50:41+00:00
447,TheR0nin_wtf,,0,0,0,0,https://twitter.com/twitter/statuses/1525896449921363968,2022-05-15 17:50:38+00:00
448,SpaceMo72516935,"#nft,#nfts,#nftcommunity,#nftsolana,#nftgiveaways,#nftshill,#solanarts",0,0,0,0,https://twitter.com/twitter/statuses/1525896416756846593,2022-05-15 17:50:30+00:00
449,GS_Skulls,,0,1,@GS_Skulls,Tag people,https://twitter.com/twitter/statuses/1525896373954297856,2022-05-15 17:50:19+00:00
450,InfinitiPicks,"#NBATopShot,#TOPSHOT",0,0,0,0,https://twitter.com/twitter/statuses/1525896238616674304,2022-05-15 17:49:47+00:00
451,kupcov_an,"#NFT,#NFTCommunity,#NFTs,#NFTartwork",0,0,@kupcov_an,0,https://twitter.com/twitter/statuses/1525895846134415361,2022-05-15 17:48:14+00:00
452,tinyfoxesnft,"#FreeMint,#NFT,#freedrop,#nftworld",0,0,0,0,https://twitter.com/twitter/statuses/1525895821425881092,2022-05-15 17:48:08+00:00
453,realkennypowell,"#Marvel,#Contest,#CharloCastano2,#Charlo",0,0,0,0,https://twitter.com/twitter/statuses/1525895816467996674,2022-05-15 17:48:07+00:00
454,SENDYOURNFT,"#NFTCommunity,#NFTGiveaways,#NFT",0,0,0,0,https://twitter.com/twitter/statuses/1525895798017253381,2022-05-15 17:48:02+00:00
455,KingGonSurvive,"#ENS,#ensdomain",0,0,0,0,https://twitter.com/twitter/statuses/1525895784025161728,2022-05-15 17:47:59+00:00
456,CrazyHuskies,,1,0,0,0,https://twitter.com/twitter/statuses/1525895781638627329,2022-05-15 17:47:58+00:00
457,WeMetRight,#NFTGiveaways,1,1,['@WeMetRight'],0,https://twitter.com/twitter/statuses/1525895738047315969,2022-05-15 17:47:48+00:00
458,AaronKatrine,"#NFTCommunity,#NFTGiveaways,#NFT",0,0,0,0,https://twitter.com/twitter/statuses/1525895719374176257,2022-05-15 17:47:43+00:00
459,casperdpunks,"#CasperNetwork,#casperdpunks",0,0,0,0,https://twitter.com/twitter/statuses/1525895705780293632,2022-05-15 17:47:40+00:00
460,MutantBearsNFT,"#NFTshill,#NFTCommunity,#NFTGiveaways",0,0,0,0,https://twitter.com/twitter/statuses/1525895671575785472,2022-05-15 17:47:32+00:00
461,RohanMajrikar,"#NFT,#NFTGiveaways,#NFTGiveaway,#NFTCommunity,#NFTdrop,#NFTProject",1,0,0,0,https://twitter.com/twitter/statuses/1525895181525983235,2022-05-15 17:45:35+00:00
462,syedevan71,"#NFTCommunity,#NFTGiveaways,#NFTshill",0,0,0,0,https://twitter.com/twitter/statuses/1525895168037392384,2022-05-15 17:45:32+00:00
463,MultiVerseNFTs,,0,0,0,0,https://twitter.com/twitter/statuses/1525895148349046785,2022-05-15 17:45:27+00:00
464,nftfollow_,#NFT,0,0,0,0,https://twitter.com/twitter/statuses/1525895011870552065,2022-05-15 17:44:55+00:00
465,SENDYOURNFT,"#NFTCommunity,#NFTGiveaways,#NFT",0,0,0,0,https://twitter.com/twitter/statuses/1525894806806810624,2022-05-15 17:44:06+00:00
466,Mekarim_officia,,0,0,0,0,https://twitter.com/twitter/statuses/1525894781221711873,2022-05-15 17:44:00+00:00
467,EIsneako,,1,0,@EIsneako,Tag 3 people,https://twitter.com/twitter/statuses/1525894734182502400,2022-05-15 17:43:49+00:00
468,NFT_Kaler,,1,0,0,0,https://twitter.com/twitter/statuses/1525894692008755202,2022-05-15 17:43:38+00:00
469,PimpsonsNFT,,0,1,@PimpsonsNFT,Tag 3 people,https://twitter.com/twitter/statuses/1525894591517425671,2022-05-15 17:43:15+00:00
470,lagache_jeremie,,0,1,0,0,https://twitter.com/twitter/statuses/1525894589391020038,2022-05-15 17:43:14+00:00
471,BCBearsNFT,"#BCb,#NFTCommunity,#NFTs,#NFTGiveaways,#nftcollab",0,0,0,0,https://twitter.com/twitter/statuses/1525894550631370755,2022-05-15 17:43:05+00:00
472,mike_zakko,"#algonft,#NFTs,#giveaway",0,0,0,0,https://twitter.com/twitter/statuses/1525894531434029056,2022-05-15 17:43:00+00:00
473,pandapunkprprtz,"#NFTCommunity,#NFTs,#NFTGiveaways,#Metaverse,#BAYC",0,0,0,0,https://twitter.com/twitter/statuses/1525894386302730243,2022-05-15 17:42:26+00:00
474,ninjangot,"#crytocurrency,#NFTCommunity,#NFTGiveaways",0,0,0,0,https://twitter.com/twitter/statuses/1525894375611711490,2022-05-15 17:42:23+00:00
475,cryptanime,"#NFTs,#NFTGiveaways,#Degens,#BAYC",0,0,0,0,https://twitter.com/twitter/statuses/1525894161446146049,2022-05-15 17:41:32+00:00
476,nftaydan,"#NFTs,#NFT,#NFTCommunity,#NFTGiveaways,#nftcollector,#NFTshill",0,0,0,0,https://twitter.com/twitter/statuses/1525894137597370376,2022-05-15 17:41:26+00:00
477,uthranium,"#NFTs,#NFTCommunity,#NFTGiveaway,#DeFi,#BNB,#ETH",0,0,0,0,https://twitter.com/twitter/statuses/1525894021616394243,2022-05-15 17:40:59+00:00
478,aftab4044967,"#nft,#NFTCommunity,#NFTs,#nftart,#NFTGiveaways,#NFTshill",0,0,0,0,https://twitter.com/twitter/statuses/1525894009918324737,2022-05-15 17:40:56+00:00
479,Astronspace1,"#NFTCommunity,#NFTs,#NFTs,#BTC,#PolygonNFT,#NFTGiveaways",0,0,0,0,https://twitter.com/twitter/statuses/1525893920831438849,2022-05-15 17:40:35+00:00
480,bridartist,,0,0,0,0,https://twitter.com/twitter/statuses/1525893792900886529,2022-05-15 17:40:04+00:00
481,SENDYOURNFT,,0,0,0,0,https://twitter.com/twitter/statuses/1525893786718441472,2022-05-15 17:40:03+00:00
482,EverRiseKing,"#NFT,#EverRise",1,1,0,0,https://twitter.com/twitter/statuses/1525893758960947200,2022-05-15 17:39:56+00:00
483,katas_art,"#NFTCommunity,#NFTGiveaways",0,0,0,0,https://twitter.com/twitter/statuses/1525893708406734848,2022-05-15 17:39:44+00:00
484,simplexgood,"#Discord,#discordlinks,#letsconnect,#NFTCommunity,#NFTGiveaways",0,0,0,0,https://twitter.com/twitter/statuses/1525893687775236096,2022-05-15 17:39:39+00:00
485,itsazizeldein,"#nft,#NFTCommunity",0,0,0,0,https://twitter.com/twitter/statuses/1525893681500364801,2022-05-15 17:39:38+00:00
486,Pandian61630774,"#NFTs,#NFTGiveaways,#NFTCommunity,#NFTs,#NFT,#Cryptos",0,0,0,0,https://twitter.com/twitter/statuses/1525893667902345217,2022-05-15 17:39:34+00:00
487,mustachioed_nft,,0,0,0,0,https://twitter.com/twitter/statuses/1525893659815821314,2022-05-15 17:39:32+00:00
488,ritesh965149629,"#NFTs,#NFTGiveaways,#NFTCommunity,#NFTs,#NFT,#Cryptos",0,0,0,0,https://twitter.com/twitter/statuses/1525893654275055616,2022-05-15 17:39:31+00:00
489,BraveWomenNFTs,"#BraveGirls,#braveandbeautiful,#NFTCommunity,#NFT,#NFTProject",0,0,0,0,https://twitter.com/twitter/statuses/1525893605545631744,2022-05-15 17:39:19+00:00
490,FreemanDunhill,"#NFTs,#NFTGiveaways,#NFTCommunity,#NFTs,#NFT,#Cryptos",0,0,0,0,https://twitter.com/twitter/statuses/1525893565821378560,2022-05-15 17:39:10+00:00
491,Sudhans08389260,#NFT,0,0,0,0,https://twitter.com/twitter/statuses/1525893552420446208,2022-05-15 17:39:07+00:00
492,artsspacework,"#NFTCommunity,#NFTs,#nftart,#nftcollector",0,0,0,0,https://twitter.com/twitter/statuses/1525893536041795585,2022-05-15 17:39:03+00:00
493,ElrondWorld,#NFT,0,0,0,0,https://twitter.com/twitter/statuses/1525893415933775872,2022-05-15 17:38:34+00:00
494,nftnba2022,,0,0,0,0,https://twitter.com/twitter/statuses/1525893403829014535,2022-05-15 17:38:31+00:00
495,potpate,"#FknApe,#NFTGiveway,#Giveaway",0,0,0,0,https://twitter.com/twitter/statuses/1525893315371094017,2022-05-15 17:38:10+00:00
496,aunthapho,,0,0,0,0,https://twitter.com/twitter/statuses/1525893224841498624,2022-05-15 17:37:49+00:00
497,mhizpreshy13,#free,0,0,0,0,https://twitter.com/twitter/statuses/1525893177105948674,2022-05-15 17:37:37+00:00
498,PixelFoxLife1,"#NFTfamily,#NFTs,#NFT,#opensea",0,0,0,0,https://twitter.com/twitter/statuses/1525893168201605120,2022-05-15 17:37:35+00:00
499,octopus_soft,,0,0,0,Tag 3 people,https://twitter.com/twitter/statuses/1525893036332531712,2022-05-15 17:37:04+00:00
